Hallmark,Path
Sustaining proliferative signaling,https://i.ibb.co/Jq0KsMp/Proliferative-signaling-v1.png
Deregulating cellular energetics,https://i.ibb.co/L1m51hf/Metabolism-v1.png
Senescent cells,https://i.ibb.co/CHxKFxr/Senescent-v1.png
Nonmutational epigenetic reprogramming,https://i.ibb.co/QC2wWWL/Epigenetic-v1.png
Unlocking phenotypic plasticity,https://i.ibb.co/Y0tssLS/Plasticity-v1.png
Evading growth suppressors,https://i.ibb.co/mCDff9G/Suppressed-Growth-v1.png
Avoiding immune destruction,https://i.ibb.co/Sr1svfW/Immune-destruction-v1.png
Enabling replicative immortality,https://i.ibb.co/GJtBQZH/Immortality-v1.png
Tumour-promoting inflammation,https://i.ibb.co/KqfK1wT/Inflammation-v1.png
Activating invasion and metastasis,https://i.ibb.co/Jn7Y4ht/Metastasis-v1.png
Inducing angiogenesis,https://i.ibb.co/nnDr8Pc/Angiogenesis-v1.png
Genome instability and mutation,https://i.ibb.co/3mPncPR/Genome-integrity-v1.png
Resisting cell death,https://i.ibb.co/8xbsTCy/Cell-death-v1.png
